FILENAME, FILE PATH, FILE TYPE, FILE FORMAT, CODEC, VIDEO DETAILS, AUDIO FORMAT 
autorun.inf,/Volumes/BRAVO/WORKSPACE/DMZ/STUFF/FLIPVIDEO/autorun.inf,inf,,,,
VID00002.AVI,/Volumes/BRAVO/WORKSPACE/DMZ/STUFF/FLIPVIDEO/DCIM/100VIDEO/VID00002.AVI,AVI,AVI,XVID,MPEG-4 Visual - Advanced Simple - Default (MPEG) - XVID,ADPCM
VID00003.AVI,/Volumes/BRAVO/WORKSPACE/DMZ/STUFF/FLIPVIDEO/DCIM/100VIDEO/VID00003.AVI,AVI,AVI,XVID,MPEG-4 Visual - Advanced Simple - Default (MPEG) - XVID,ADPCM
VID00013.AVI,/Volumes/BRAVO/WORKSPACE/DMZ/STUFF/FLIPVIDEO/DCIM/100VIDEO/VID00013.AVI,AVI,AVI,XVID,MPEG-4 Visual - Advanced Simple - Default (MPEG) - XVID,ADPCM
VID00014.AVI,/Volumes/BRAVO/WORKSPACE/DMZ/STUFF/FLIPVIDEO/DCIM/100VIDEO/VID00014.AVI,AVI,AVI,XVID,MPEG-4 Visual - Advanced Simple - Default (MPEG) - XVID,ADPCM
VID00015.AVI,/Volumes/BRAVO/WORKSPACE/DMZ/STUFF/FLIPVIDEO/DCIM/100VIDEO/VID00015.AVI,AVI,AVI,XVID,MPEG-4 Visual - Advanced Simple - Default (MPEG) - XVID,ADPCM
VID00016.AVI,/Volumes/BRAVO/WORKSPACE/DMZ/STUFF/FLIPVIDEO/DCIM/100VIDEO/VID00016.AVI,AVI,AVI,XVID,MPEG-4 Visual - Advanced Simple - Default (MPEG) - XVID,ADPCM
VID00017.AVI,/Volumes/BRAVO/WORKSPACE/DMZ/STUFF/FLIPVIDEO/DCIM/100VIDEO/VID00017.AVI,AVI,AVI,XVID,MPEG-4 Visual - Advanced Simple - Default (MPEG) - XVID,ADPCM
VID00018.AVI,/Volumes/BRAVO/WORKSPACE/DMZ/STUFF/FLIPVIDEO/DCIM/100VIDEO/VID00018.AVI,AVI,AVI,XVID,MPEG-4 Visual - Advanced Simple - Default (MPEG) - XVID,ADPCM
VID00019.AVI,/Volumes/BRAVO/WORKSPACE/DMZ/STUFF/FLIPVIDEO/DCIM/100VIDEO/VID00019.AVI,AVI,AVI,XVID,MPEG-4 Visual - Advanced Simple - Default (MPEG) - XVID,ADPCM
VID00023.AVI,/Volumes/BRAVO/WORKSPACE/DMZ/STUFF/FLIPVIDEO/DCIM/100VIDEO/VID00023.AVI,AVI,AVI,XVID,MPEG-4 Visual - Advanced Simple - Default (MPEG) - XVID,ADPCM
VID00024.AVI,/Volumes/BRAVO/WORKSPACE/DMZ/STUFF/FLIPVIDEO/DCIM/100VIDEO/VID00024.AVI,AVI,AVI,XVID,MPEG-4 Visual - Advanced Simple - Default (MPEG) - XVID,ADPCM
VID00025.AVI,/Volumes/BRAVO/WORKSPACE/DMZ/STUFF/FLIPVIDEO/DCIM/100VIDEO/VID00025.AVI,AVI,AVI,XVID,MPEG-4 Visual - Advanced Simple - Default (MPEG) - XVID,ADPCM
Info.plist,/Volumes/BRAVO/WORKSPACE/DMZ/STUFF/FLIPVIDEO/Flip\ Video\ for\ Mac.app/Contents/Info.plist,plist,,,,
DPLib,/Volumes/BRAVO/WORKSPACE/DMZ/STUFF/FLIPVIDEO/Flip\ Video\ for\ Mac.app/Contents/MacOS/DPLib,,,,,
Flip Video For Mac,/Volumes/BRAVO/WORKSPACE/DMZ/STUFF/FLIPVIDEO/Flip\ Video\ for\ Mac.app/Contents/MacOS/Flip\ Video\ For\ Mac,,,,,
IMLLib,/Volumes/BRAVO/WORKSPACE/DMZ/STUFF/FLIPVIDEO/Flip\ Video\ for\ Mac.app/Contents/MacOS/IMLLib,,,,,
MacromediaRuntimeLib,/Volumes/BRAVO/WORKSPACE/DMZ/STUFF/FLIPVIDEO/Flip\ Video\ for\ Mac.app/Contents/MacOS/MacromediaRuntimeLib,,,,,
ProjLib,/Volumes/BRAVO/WORKSPACE/DMZ/STUFF/FLIPVIDEO/Flip\ Video\ for\ Mac.app/Contents/MacOS/ProjLib,,MPEG Audio,,,MPEG Audio
Animated GIF Asset,/Volumes/BRAVO/WORKSPACE/DMZ/STUFF/FLIPVIDEO/Flip\ Video\ for\ Mac.app/Contents/MacOS/Xtras/Mac/Animated\ GIF\ Asset,,,,,
Buddy API OSX Xtra,/Volumes/BRAVO/WORKSPACE/DMZ/STUFF/FLIPVIDEO/Flip\ Video\ for\ Mac.app/Contents/MacOS/Xtras/Mac/Buddy\ API\ OSX\ Xtra,,,,,
DirectFTP,/Volumes/BRAVO/WORKSPACE/DMZ/STUFF/FLIPVIDEO/Flip\ Video\ for\ Mac.app/Contents/MacOS/Xtras/Mac/DirectFTP,,,,,
FileIO PPC Xtra,/Volumes/BRAVO/WORKSPACE/DMZ/STUFF/FLIPVIDEO/Flip\ Video\ for\ Mac.app/Contents/MacOS/Xtras/Mac/FileIO\ PPC\ Xtra,,,,,
Flash Asset PPC,/Volumes/BRAVO/WORKSPACE/DMZ/STUFF/FLIPVIDEO/Flip\ Video\ for\ Mac.app/Contents/MacOS/Xtras/Mac/Flash\ Asset\ PPC,,,,,
Font Asset PPC,/Volumes/BRAVO/WORKSPACE/DMZ/STUFF/FLIPVIDEO/Flip\ Video\ for\ Mac.app/Contents/MacOS/Xtras/Mac/Font\ Asset\ PPC,,,,,
Font Xtra PPC,/Volumes/BRAVO/WORKSPACE/DMZ/STUFF/FLIPVIDEO/Flip\ Video\ for\ Mac.app/Contents/MacOS/Xtras/Mac/Font\ Xtra\ PPC,,,,,
GIF Agent,/Volumes/BRAVO/WORKSPACE/DMZ/STUFF/FLIPVIDEO/Flip\ Video\ for\ Mac.app/Contents/MacOS/Xtras/Mac/GIF\ Agent,,,,,
InetUrl PPC Xtra,/Volumes/BRAVO/WORKSPACE/DMZ/STUFF/FLIPVIDEO/Flip\ Video\ for\ Mac.app/Contents/MacOS/Xtras/Mac/InetUrl\ PPC\ Xtra,,MPEG Audio,,,MPEG Audio
MD5Hashing Carbon,/Volumes/BRAVO/WORKSPACE/DMZ/STUFF/FLIPVIDEO/Flip\ Video\ for\ Mac.app/Contents/MacOS/Xtras/Mac/MD5Hashing\ Carbon,,,,,
Mix Services,/Volumes/BRAVO/WORKSPACE/DMZ/STUFF/FLIPVIDEO/Flip\ Video\ for\ Mac.app/Contents/MacOS/Xtras/Mac/Mix\ Services,,,,,
Mpeg Advance Xtra,/Volumes/BRAVO/WORKSPACE/DMZ/STUFF/FLIPVIDEO/Flip\ Video\ for\ Mac.app/Contents/MacOS/Xtras/Mac/Mpeg\ Advance\ Xtra,,,,,
Mui Dialog,/Volumes/BRAVO/WORKSPACE/DMZ/STUFF/FLIPVIDEO/Flip\ Video\ for\ Mac.app/Contents/MacOS/Xtras/Mac/Mui\ Dialog,,,,,
NetFile PPC Xtra,/Volumes/BRAVO/WORKSPACE/DMZ/STUFF/FLIPVIDEO/Flip\ Video\ for\ Mac.app/Contents/MacOS/Xtras/Mac/NetFile\ PPC\ Xtra,,,,,
NetLingo PPC Xtra,/Volumes/BRAVO/WORKSPACE/DMZ/STUFF/FLIPVIDEO/Flip\ Video\ for\ Mac.app/Contents/MacOS/Xtras/Mac/NetLingo\ PPC\ Xtra,,,,,
Info.plist,/Volumes/BRAVO/WORKSPACE/DMZ/STUFF/FLIPVIDEO/Flip\ Video\ for\ Mac.app/Contents/MacOS/Xtras/Mac/PDI\ uploader/LibCurl.bundle/Contents/Info.plist,plist,,,,
LibCurl,/Volumes/BRAVO/WORKSPACE/DMZ/STUFF/FLIPVIDEO/Flip\ Video\ for\ Mac.app/Contents/MacOS/Xtras/Mac/PDI\ uploader/LibCurl.bundle/Contents/MacOS/LibCurl,,,,,
PkgInfo,/Volumes/BRAVO/WORKSPACE/DMZ/STUFF/FLIPVIDEO/Flip\ Video\ for\ Mac.app/Contents/MacOS/Xtras/Mac/PDI\ uploader/LibCurl.bundle/Contents/PkgInfo,,,,,
InfoPlist.strings,/Volumes/BRAVO/WORKSPACE/DMZ/STUFF/FLIPVIDEO/Flip\ Video\ for\ Mac.app/Contents/MacOS/Xtras/Mac/PDI\ uploader/LibCurl.bundle/Contents/Resources/English.lproj/InfoPlist.strings,strings,,,,
LibCurl.rsrc,/Volumes/BRAVO/WORKSPACE/DMZ/STUFF/FLIPVIDEO/Flip\ Video\ for\ Mac.app/Contents/MacOS/Xtras/Mac/PDI\ uploader/LibCurl.bundle/Contents/Resources/LibCurl.rsrc,rsrc,,,,
PDI_Uploader,/Volumes/BRAVO/WORKSPACE/DMZ/STUFF/FLIPVIDEO/Flip\ Video\ for\ Mac.app/Contents/MacOS/Xtras/Mac/PDI\ uploader/PDI_Uploader,,,,,
PDTVideoMacXtra.xtr,/Volumes/BRAVO/WORKSPACE/DMZ/STUFF/FLIPVIDEO/Flip\ Video\ for\ Mac.app/Contents/MacOS/Xtras/Mac/PDTVideoMacXtra.xtr,xtr,,,,
PNG Import Export,/Volumes/BRAVO/WORKSPACE/DMZ/STUFF/FLIPVIDEO/Flip\ Video\ for\ Mac.app/Contents/MacOS/Xtras/Mac/PNG\ Import\ Export,,MPEG Audio,,,MPEG Audio
QuickTime6 Asset,/Volumes/BRAVO/WORKSPACE/DMZ/STUFF/FLIPVIDEO/Flip\ Video\ for\ Mac.app/Contents/MacOS/Xtras/Mac/QuickTime6\ Asset,,,,,
SecureNet Xtra.XTR,/Volumes/BRAVO/WORKSPACE/DMZ/STUFF/FLIPVIDEO/Flip\ Video\ for\ Mac.app/Contents/MacOS/Xtras/Mac/SecureNet\ Xtra.XTR,XTR,MPEG Audio,,,MPEG Audio
SharpExport Xtra,/Volumes/BRAVO/WORKSPACE/DMZ/STUFF/FLIPVIDEO/Flip\ Video\ for\ Mac.app/Contents/MacOS/Xtras/Mac/SharpExport\ Xtra,,,,,
shell.xtra,/Volumes/BRAVO/WORKSPACE/DMZ/STUFF/FLIPVIDEO/Flip\ Video\ for\ Mac.app/Contents/MacOS/Xtras/Mac/shell.xtra,xtra,,,,
SWA Decompression PPC Xtra,/Volumes/BRAVO/WORKSPACE/DMZ/STUFF/FLIPVIDEO/Flip\ Video\ for\ Mac.app/Contents/MacOS/Xtras/Mac/SWA\ Decompression\ PPC\ Xtra,,,,,
TextAsset PPC,/Volumes/BRAVO/WORKSPACE/DMZ/STUFF/FLIPVIDEO/Flip\ Video\ for\ Mac.app/Contents/MacOS/Xtras/Mac/TextAsset\ PPC,,,,,
TextXtra PPC,/Volumes/BRAVO/WORKSPACE/DMZ/STUFF/FLIPVIDEO/Flip\ Video\ for\ Mac.app/Contents/MacOS/Xtras/Mac/TextXtra\ PPC,,,,,
Winsock Lib,/Volumes/BRAVO/WORKSPACE/DMZ/STUFF/FLIPVIDEO/Flip\ Video\ for\ Mac.app/Contents/MacOS/Xtras/Mac/Winsock\ Lib,,,,,
XmlParser PPC Xtra,/Volumes/BRAVO/WORKSPACE/DMZ/STUFF/FLIPVIDEO/Flip\ Video\ for\ Mac.app/Contents/MacOS/Xtras/Mac/XmlParser\ PPC\ Xtra,,,,,
zScript 2.0.1 OS X,/Volumes/BRAVO/WORKSPACE/DMZ/STUFF/FLIPVIDEO/Flip\ Video\ for\ Mac.app/Contents/MacOS/Xtras/Mac/zScript\ 2.0.1\ OS\ X,1 OS X,,,,
PkgInfo,/Volumes/BRAVO/WORKSPACE/DMZ/STUFF/FLIPVIDEO/Flip\ Video\ for\ Mac.app/Contents/PkgInfo,,,,,
Flip Video for Mac.icns,/Volumes/BRAVO/WORKSPACE/DMZ/STUFF/FLIPVIDEO/Flip\ Video\ for\ Mac.app/Contents/Resources/Flip\ Video\ for\ Mac.icns,icns,,,,
Flip Video for PC.exe,/Volumes/BRAVO/WORKSPACE/DMZ/STUFF/FLIPVIDEO/Flip\ Video\ for\ PC.exe,exe,MZ,,,
INFO.BIN,/Volumes/BRAVO/WORKSPACE/DMZ/STUFF/FLIPVIDEO/INFO.BIN,BIN,,,,
ReadMe.txt,/Volumes/BRAVO/WORKSPACE/DMZ/STUFF/FLIPVIDEO/ReadMe.txt,txt,,,,
Leopard Compatibility.dmg,/Volumes/BRAVO/WORKSPACE/DMZ/STUFF/FLIPVIDEO/System/INSTALL/Leopard\ Compatibility.dmg,dmg,,,,
Macintosh 3ivx installer.dmg,/Volumes/BRAVO/WORKSPACE/DMZ/STUFF/FLIPVIDEO/System/INSTALL/Macintosh\ 3ivx\ installer.dmg,dmg,,,,
Windows 3ivx Installer.exe,/Volumes/BRAVO/WORKSPACE/DMZ/STUFF/FLIPVIDEO/System/INSTALL/Windows\ 3ivx\ Installer.exe,exe,MZ,,,
Copyright Dispute Policy.rtf,/Volumes/BRAVO/WORKSPACE/DMZ/STUFF/FLIPVIDEO/System/VIEWER/Copyright\ Dispute\ Policy.rtf,rtf,,,,
FlipVideoforPC.exe,/Volumes/BRAVO/WORKSPACE/DMZ/STUFF/FLIPVIDEO/System/VIEWER/FlipVideoforPC.exe,exe,MZ,,,
FlipVideoforPC.ico,/Volumes/BRAVO/WORKSPACE/DMZ/STUFF/FLIPVIDEO/System/VIEWER/FlipVideoforPC.ico,ico,ICO,,,
FlipVideoforPC.ini,/Volumes/BRAVO/WORKSPACE/DMZ/STUFF/FLIPVIDEO/System/VIEWER/FlipVideoforPC.ini,ini,,,,
mem_size.txt,/Volumes/BRAVO/WORKSPACE/DMZ/STUFF/FLIPVIDEO/System/VIEWER/mem_size.txt,txt,,,,
checkForUpdate.txt,/Volumes/BRAVO/WORKSPACE/DMZ/STUFF/FLIPVIDEO/System/VIEWER/PD/checkForUpdate.txt,txt,,,,
common_art_logo.png,/Volumes/BRAVO/WORKSPACE/DMZ/STUFF/FLIPVIDEO/System/VIEWER/PD/custom_c/common_art_logo.png,png,PNG,,,
01.png,/Volumes/BRAVO/WORKSPACE/DMZ/STUFF/FLIPVIDEO/System/VIEWER/PD/custom_c/GC/PreviewHorizontal/01.png,png,PNG,,,
02.png,/Volumes/BRAVO/WORKSPACE/DMZ/STUFF/FLIPVIDEO/System/VIEWER/PD/custom_c/GC/PreviewHorizontal/02.png,png,PNG,,,
03.png,/Volumes/BRAVO/WORKSPACE/DMZ/STUFF/FLIPVIDEO/System/VIEWER/PD/custom_c/GC/PreviewHorizontal/03.png,png,PNG,,,
04.png,/Volumes/BRAVO/WORKSPACE/DMZ/STUFF/FLIPVIDEO/System/VIEWER/PD/custom_c/GC/PreviewHorizontal/04.png,png,PNG,,,
05.png,/Volumes/BRAVO/WORKSPACE/DMZ/STUFF/FLIPVIDEO/System/VIEWER/PD/custom_c/GC/PreviewHorizontal/05.png,png,PNG,,,
06.png,/Volumes/BRAVO/WORKSPACE/DMZ/STUFF/FLIPVIDEO/System/VIEWER/PD/custom_c/GC/PreviewHorizontal/06.png,png,PNG,,,
07.png,/Volumes/BRAVO/WORKSPACE/DMZ/STUFF/FLIPVIDEO/System/VIEWER/PD/custom_c/GC/PreviewHorizontal/07.png,png,PNG,,,
08.png,/Volumes/BRAVO/WORKSPACE/DMZ/STUFF/FLIPVIDEO/System/VIEWER/PD/custom_c/GC/PreviewHorizontal/08.png,png,PNG,,,
09.png,/Volumes/BRAVO/WORKSPACE/DMZ/STUFF/FLIPVIDEO/System/VIEWER/PD/custom_c/GC/PreviewHorizontal/09.png,png,PNG,,,
10.png,/Volumes/BRAVO/WORKSPACE/DMZ/STUFF/FLIPVIDEO/System/VIEWER/PD/custom_c/GC/PreviewHorizontal/10.png,png,PNG,,,
11.png,/Volumes/BRAVO/WORKSPACE/DMZ/STUFF/FLIPVIDEO/System/VIEWER/PD/custom_c/GC/PreviewHorizontal/11.png,png,PNG,,,
12.png,/Volumes/BRAVO/WORKSPACE/DMZ/STUFF/FLIPVIDEO/System/VIEWER/PD/custom_c/GC/PreviewHorizontal/12.png,png,PNG,,,
13.png,/Volumes/BRAVO/WORKSPACE/DMZ/STUFF/FLIPVIDEO/System/VIEWER/PD/custom_c/GC/PreviewHorizontal/13.png,png,PNG,,,
14.png,/Volumes/BRAVO/WORKSPACE/DMZ/STUFF/FLIPVIDEO/System/VIEWER/PD/custom_c/GC/PreviewHorizontal/14.png,png,PNG,,,
15.png,/Volumes/BRAVO/WORKSPACE/DMZ/STUFF/FLIPVIDEO/System/VIEWER/PD/custom_c/GC/PreviewHorizontal/15.png,png,PNG,,,
01.png,/Volumes/BRAVO/WORKSPACE/DMZ/STUFF/FLIPVIDEO/System/VIEWER/PD/custom_c/GC/Tiny/01.png,png,PNG,,,
02.png,/Volumes/BRAVO/WORKSPACE/DMZ/STUFF/FLIPVIDEO/System/VIEWER/PD/custom_c/GC/Tiny/02.png,png,PNG,,,
03.png,/Volumes/BRAVO/WORKSPACE/DMZ/STUFF/FLIPVIDEO/System/VIEWER/PD/custom_c/GC/Tiny/03.png,png,PNG,,,
04.png,/Volumes/BRAVO/WORKSPACE/DMZ/STUFF/FLIPVIDEO/System/VIEWER/PD/custom_c/GC/Tiny/04.png,png,PNG,,,
05.png,/Volumes/BRAVO/WORKSPACE/DMZ/STUFF/FLIPVIDEO/System/VIEWER/PD/custom_c/GC/Tiny/05.png,png,PNG,,,
06.png,/Volumes/BRAVO/WORKSPACE/DMZ/STUFF/FLIPVIDEO/System/VIEWER/PD/custom_c/GC/Tiny/06.png,png,PNG,,,
07.png,/Volumes/BRAVO/WORKSPACE/DMZ/STUFF/FLIPVIDEO/System/VIEWER/PD/custom_c/GC/Tiny/07.png,png,PNG,,,
08.png,/Volumes/BRAVO/WORKSPACE/DMZ/STUFF/FLIPVIDEO/System/VIEWER/PD/custom_c/GC/Tiny/08.png,png,PNG,,,
09.png,/Volumes/BRAVO/WORKSPACE/DMZ/STUFF/FLIPVIDEO/System/VIEWER/PD/custom_c/GC/Tiny/09.png,png,PNG,,,
10.png,/Volumes/BRAVO/WORKSPACE/DMZ/STUFF/FLIPVIDEO/System/VIEWER/PD/custom_c/GC/Tiny/10.png,png,PNG,,,
11.png,/Volumes/BRAVO/WORKSPACE/DMZ/STUFF/FLIPVIDEO/System/VIEWER/PD/custom_c/GC/Tiny/11.png,png,PNG,,,
12.png,/Volumes/BRAVO/WORKSPACE/DMZ/STUFF/FLIPVIDEO/System/VIEWER/PD/custom_c/GC/Tiny/12.png,png,PNG,,,
13.png,/Volumes/BRAVO/WORKSPACE/DMZ/STUFF/FLIPVIDEO/System/VIEWER/PD/custom_c/GC/Tiny/13.png,png,PNG,,,
14.png,/Volumes/BRAVO/WORKSPACE/DMZ/STUFF/FLIPVIDEO/System/VIEWER/PD/custom_c/GC/Tiny/14.png,png,PNG,,,
15.png,/Volumes/BRAVO/WORKSPACE/DMZ/STUFF/FLIPVIDEO/System/VIEWER/PD/custom_c/GC/Tiny/15.png,png,PNG,,,
Silence.wav,/Volumes/BRAVO/WORKSPACE/DMZ/STUFF/FLIPVIDEO/System/VIEWER/PD/custom_c/Muvee_Styles/Silence.wav,wav,Wave,,,PCM
lean and clean2.wma,/Volumes/BRAVO/WORKSPACE/DMZ/STUFF/FLIPVIDEO/System/VIEWER/PD/custom_c/Muvee_Styles/style_1/audio/lean\ and\ clean2.wma,wma,Windows Media,,,WMA
ClassicSepia.wma,/Volumes/BRAVO/WORKSPACE/DMZ/STUFF/FLIPVIDEO/System/VIEWER/PD/custom_c/Muvee_Styles/style_2/audio/ClassicSepia.wma,wma,Windows Media,,,WMA
OTTMusicVideo.wma,/Volumes/BRAVO/WORKSPACE/DMZ/STUFF/FLIPVIDEO/System/VIEWER/PD/custom_c/Muvee_Styles/style_3/audio/OTTMusicVideo.wma,wma,Windows Media,,,WMA
care free days.wma,/Volumes/BRAVO/WORKSPACE/DMZ/STUFF/FLIPVIDEO/System/VIEWER/PD/custom_c/Muvee_Styles/style_4/audio/care\ free\ days.wma,wma,Windows Media,,,WMA
dreamy piano.wma,/Volumes/BRAVO/WORKSPACE/DMZ/STUFF/FLIPVIDEO/System/VIEWER/PD/custom_c/Muvee_Styles/style_5/audio/dreamy\ piano.wma,wma,Windows Media,,,WMA
Journal.wma,/Volumes/BRAVO/WORKSPACE/DMZ/STUFF/FLIPVIDEO/System/VIEWER/PD/custom_c/Muvee_Styles/style_6/audio/Journal.wma,wma,Windows Media,,,WMA
styles.txt,/Volumes/BRAVO/WORKSPACE/DMZ/STUFF/FLIPVIDEO/System/VIEWER/PD/custom_c/Muvee_Styles/styles.txt,txt,,,,
shell.txt,/Volumes/BRAVO/WORKSPACE/DMZ/STUFF/FLIPVIDEO/System/VIEWER/PD/custom_c/shell.txt,txt,,,,
splash_art_open.jpg,/Volumes/BRAVO/WORKSPACE/DMZ/STUFF/FLIPVIDEO/System/VIEWER/PD/custom_c/splash_art_open.jpg,jpg,JPEG,,,
Flip Video Installer.exe,/Volumes/BRAVO/WORKSPACE/DMZ/STUFF/FLIPVIDEO/System/VIEWER/PD/Flip\ Video\ Installer.exe,exe,MZ,,,
Flip Video Uninstaller.exe,/Volumes/BRAVO/WORKSPACE/DMZ/STUFF/FLIPVIDEO/System/VIEWER/PD/Flip\ Video\ Uninstaller.exe,exe,MZ,,,
active_x.cct,/Volumes/BRAVO/WORKSPACE/DMZ/STUFF/FLIPVIDEO/System/VIEWER/PD/libs/active_x.cct,cct,,,,
code.cct,/Volumes/BRAVO/WORKSPACE/DMZ/STUFF/FLIPVIDEO/System/VIEWER/PD/libs/code.cct,cct,,,,
custom.cct,/Volumes/BRAVO/WORKSPACE/DMZ/STUFF/FLIPVIDEO/System/VIEWER/PD/libs/custom.cct,cct,,,,
empty_cast.cct,/Volumes/BRAVO/WORKSPACE/DMZ/STUFF/FLIPVIDEO/System/VIEWER/PD/libs/empty_cast.cct,cct,,,,
link_dot.pd,/Volumes/BRAVO/WORKSPACE/DMZ/STUFF/FLIPVIDEO/System/VIEWER/PD/links/link_dot.pd,pd,JPEG,,,
link_dot.png,/Volumes/BRAVO/WORKSPACE/DMZ/STUFF/FLIPVIDEO/System/VIEWER/PD/links/link_dot.png,png,PNG,,,
link_image_missing.jpg,/Volumes/BRAVO/WORKSPACE/DMZ/STUFF/FLIPVIDEO/System/VIEWER/PD/links/link_image_missing.jpg,jpg,JPEG,,,
TEST.AVI,/Volumes/BRAVO/WORKSPACE/DMZ/STUFF/FLIPVIDEO/System/VIEWER/PD/links/TEST.AVI,AVI,AVI,XVID,MPEG-4 Visual - Advanced Simple - Default (MPEG) - XVID,ADPCM
main.dcr,/Volumes/BRAVO/WORKSPACE/DMZ/STUFF/FLIPVIDEO/System/VIEWER/PD/main.dcr,dcr,,,,
message_swap_camcorder.txt,/Volumes/BRAVO/WORKSPACE/DMZ/STUFF/FLIPVIDEO/System/VIEWER/PD/messages/message_swap_camcorder.txt,txt,,,,
message_swap_photo_video_dvd.txt,/Volumes/BRAVO/WORKSPACE/DMZ/STUFF/FLIPVIDEO/System/VIEWER/PD/messages/message_swap_photo_video_dvd.txt,txt,,,,
Install.gif,/Volumes/BRAVO/WORKSPACE/DMZ/STUFF/FLIPVIDEO/System/VIEWER/PD/Muvee_Plugin/_Graphics/Install.gif,gif,GIF,,,
LL.gif,/Volumes/BRAVO/WORKSPACE/DMZ/STUFF/FLIPVIDEO/System/VIEWER/PD/Muvee_Plugin/_Graphics/LL.gif,gif,GIF,,,
LR.gif,/Volumes/BRAVO/WORKSPACE/DMZ/STUFF/FLIPVIDEO/System/VIEWER/PD/Muvee_Plugin/_Graphics/LR.gif,gif,GIF,,,
oci_header.jpg,/Volumes/BRAVO/WORKSPACE/DMZ/STUFF/FLIPVIDEO/System/VIEWER/PD/Muvee_Plugin/_Graphics/oci_header.jpg,jpg,JPEG,,,
OCI_Slice.jpg,/Volumes/BRAVO/WORKSPACE/DMZ/STUFF/FLIPVIDEO/System/VIEWER/PD/Muvee_Plugin/_Graphics/OCI_Slice.jpg,jpg,JPEG,,,
PleaseWait.gif,/Volumes/BRAVO/WORKSPACE/DMZ/STUFF/FLIPVIDEO/System/VIEWER/PD/Muvee_Plugin/_Graphics/PleaseWait.gif,gif,GIF,,,
Style.css,/Volumes/BRAVO/WORKSPACE/DMZ/STUFF/FLIPVIDEO/System/VIEWER/PD/Muvee_Plugin/_Graphics/Style.css,css,,,,
UL.gif,/Volumes/BRAVO/WORKSPACE/DMZ/STUFF/FLIPVIDEO/System/VIEWER/PD/Muvee_Plugin/_Graphics/UL.gif,gif,GIF,,,
UR.gif,/Volumes/BRAVO/WORKSPACE/DMZ/STUFF/FLIPVIDEO/System/VIEWER/PD/Muvee_Plugin/_Graphics/UR.gif,gif,GIF,,,
Utilities.js,/Volumes/BRAVO/WORKSPACE/DMZ/STUFF/FLIPVIDEO/System/VIEWER/PD/Muvee_Plugin/_Graphics/Utilities.js,js,,,,
data1.cab,/Volumes/BRAVO/WORKSPACE/DMZ/STUFF/FLIPVIDEO/System/VIEWER/PD/Muvee_Plugin/data1.cab,cab,,,,
data1.hdr,/Volumes/BRAVO/WORKSPACE/DMZ/STUFF/FLIPVIDEO/System/VIEWER/PD/Muvee_Plugin/data1.hdr,hdr,,,,
data2.cab,/Volumes/BRAVO/WORKSPACE/DMZ/STUFF/FLIPVIDEO/System/VIEWER/PD/Muvee_Plugin/data2.cab,cab,,,,
engine32.cab,/Volumes/BRAVO/WORKSPACE/DMZ/STUFF/FLIPVIDEO/System/VIEWER/PD/Muvee_Plugin/engine32.cab,cab,,,,
layout.bin,/Volumes/BRAVO/WORKSPACE/DMZ/STUFF/FLIPVIDEO/System/VIEWER/PD/Muvee_Plugin/layout.bin,bin,,,,
projPDT.ocx,/Volumes/BRAVO/WORKSPACE/DMZ/STUFF/FLIPVIDEO/System/VIEWER/PD/Muvee_Plugin/projPDT.ocx,ocx,MZ,,,
setup.boot,/Volumes/BRAVO/WORKSPACE/DMZ/STUFF/FLIPVIDEO/System/VIEWER/PD/Muvee_Plugin/setup.boot,boot,,,,
setup.exe,/Volumes/BRAVO/WORKSPACE/DMZ/STUFF/FLIPVIDEO/System/VIEWER/PD/Muvee_Plugin/setup.exe,exe,MZ,,,
Setup.htm,/Volumes/BRAVO/WORKSPACE/DMZ/STUFF/FLIPVIDEO/System/VIEWER/PD/Muvee_Plugin/Setup.htm,htm,,,,
setup.ini,/Volumes/BRAVO/WORKSPACE/DMZ/STUFF/FLIPVIDEO/System/VIEWER/PD/Muvee_Plugin/setup.ini,ini,,,,
setup.inx,/Volumes/BRAVO/WORKSPACE/DMZ/STUFF/FLIPVIDEO/System/VIEWER/PD/Muvee_Plugin/setup.inx,inx,,,,
setup.iss,/Volumes/BRAVO/WORKSPACE/DMZ/STUFF/FLIPVIDEO/System/VIEWER/PD/Muvee_Plugin/setup.iss,iss,,,,
setup.skin,/Volumes/BRAVO/WORKSPACE/DMZ/STUFF/FLIPVIDEO/System/VIEWER/PD/Muvee_Plugin/setup.skin,skin,,,,
setup.zip,/Volumes/BRAVO/WORKSPACE/DMZ/STUFF/FLIPVIDEO/System/VIEWER/PD/Muvee_Plugin/setup.zip,zip,ZIP,,,
setupapplet.jar,/Volumes/BRAVO/WORKSPACE/DMZ/STUFF/FLIPVIDEO/System/VIEWER/PD/Muvee_Plugin/setupapplet.jar,jar,ZIP,,,
uninstall.iss,/Volumes/BRAVO/WORKSPACE/DMZ/STUFF/FLIPVIDEO/System/VIEWER/PD/Muvee_Plugin/uninstall.iss,iss,,,,
append_temp.xtl,/Volumes/BRAVO/WORKSPACE/DMZ/STUFF/FLIPVIDEO/System/VIEWER/PD/Prefs/append_temp.xtl,xtl,,,,
kp.exe,/Volumes/BRAVO/WORKSPACE/DMZ/STUFF/FLIPVIDEO/System/VIEWER/PD/Prefs/kp.exe,exe,MZ,,,
pointAndShootProfile_30.prx,/Volumes/BRAVO/WORKSPACE/DMZ/STUFF/FLIPVIDEO/System/VIEWER/PD/Prefs/pointAndShootProfile_30.prx,prx,,,,
pointAndShootProfile_mac.rtm,/Volumes/BRAVO/WORKSPACE/DMZ/STUFF/FLIPVIDEO/System/VIEWER/PD/Prefs/pointAndShootProfile_mac.rtm,rtm,,,,
trailer.wmv,/Volumes/BRAVO/WORKSPACE/DMZ/STUFF/FLIPVIDEO/System/VIEWER/PD/Prefs/trailer.wmv,wmv,Windows Media,WMV3,VC-1 - MP -  - WMV3,WMA
pathsInfo.txt,/Volumes/BRAVO/WORKSPACE/DMZ/STUFF/FLIPVIDEO/System/VIEWER/PD/settings/pathsInfo.txt,txt,,,,
settings.txt,/Volumes/BRAVO/WORKSPACE/DMZ/STUFF/FLIPVIDEO/System/VIEWER/PD/settings/settings.txt,txt,,,,
Privacy Policy.rtf,/Volumes/BRAVO/WORKSPACE/DMZ/STUFF/FLIPVIDEO/System/VIEWER/Privacy\ Policy.rtf,rtf,,,,
ActiveX.x32,/Volumes/BRAVO/WORKSPACE/DMZ/STUFF/FLIPVIDEO/System/VIEWER/Xtras/Win/ActiveX.x32,x32,MZ,,,
Animated GIF Asset.x32,/Volumes/BRAVO/WORKSPACE/DMZ/STUFF/FLIPVIDEO/System/VIEWER/Xtras/Win/Animated\ GIF\ Asset.x32,x32,MZ,,,
BinaryIO.x32,/Volumes/BRAVO/WORKSPACE/DMZ/STUFF/FLIPVIDEO/System/VIEWER/Xtras/Win/BinaryIO.x32,x32,MZ,,,
budapi.x32,/Volumes/BRAVO/WORKSPACE/DMZ/STUFF/FLIPVIDEO/System/VIEWER/Xtras/Win/budapi.x32,x32,MZ,,,
DirectSound.x32,/Volumes/BRAVO/WORKSPACE/DMZ/STUFF/FLIPVIDEO/System/VIEWER/Xtras/Win/DirectSound.x32,x32,MZ,,,
FileIo.x32,/Volumes/BRAVO/WORKSPACE/DMZ/STUFF/FLIPVIDEO/System/VIEWER/Xtras/Win/FileIo.x32,x32,MZ,,,
FileXtra4.x32,/Volumes/BRAVO/WORKSPACE/DMZ/STUFF/FLIPVIDEO/System/VIEWER/Xtras/Win/FileXtra4.x32,x32,MZ,,,
Flash Asset.x32,/Volumes/BRAVO/WORKSPACE/DMZ/STUFF/FLIPVIDEO/System/VIEWER/Xtras/Win/Flash\ Asset.x32,x32,MZ,,,
Font Asset.x32,/Volumes/BRAVO/WORKSPACE/DMZ/STUFF/FLIPVIDEO/System/VIEWER/Xtras/Win/Font\ Asset.x32,x32,MZ,,,
Font Xtra.x32,/Volumes/BRAVO/WORKSPACE/DMZ/STUFF/FLIPVIDEO/System/VIEWER/Xtras/Win/Font\ Xtra.x32,x32,MZ,,,
GIF Agent.x32,/Volumes/BRAVO/WORKSPACE/DMZ/STUFF/FLIPVIDEO/System/VIEWER/Xtras/Win/GIF\ Agent.x32,x32,MZ,,,
INetURL.x32,/Volumes/BRAVO/WORKSPACE/DMZ/STUFF/FLIPVIDEO/System/VIEWER/Xtras/Win/INetURL.x32,x32,MZ,,,
MacroMix.x32,/Volumes/BRAVO/WORKSPACE/DMZ/STUFF/FLIPVIDEO/System/VIEWER/Xtras/Win/MacroMix.x32,x32,MZ,,,
MD5Hashing.x32,/Volumes/BRAVO/WORKSPACE/DMZ/STUFF/FLIPVIDEO/System/VIEWER/Xtras/Win/MD5Hashing.x32,x32,MZ,,,
Mix Services.x32,/Volumes/BRAVO/WORKSPACE/DMZ/STUFF/FLIPVIDEO/System/VIEWER/Xtras/Win/Mix\ Services.x32,x32,MZ,,,
MpegAdvance.x32,/Volumes/BRAVO/WORKSPACE/DMZ/STUFF/FLIPVIDEO/System/VIEWER/Xtras/Win/MpegAdvance.x32,x32,MZ,,,
Mui Dialog.x32,/Volumes/BRAVO/WORKSPACE/DMZ/STUFF/FLIPVIDEO/System/VIEWER/Xtras/Win/Mui\ Dialog.x32,x32,MZ,,,
Netfile.x32,/Volumes/BRAVO/WORKSPACE/DMZ/STUFF/FLIPVIDEO/System/VIEWER/Xtras/Win/Netfile.x32,x32,MZ,,,
Netlingo.x32,/Volumes/BRAVO/WORKSPACE/DMZ/STUFF/FLIPVIDEO/System/VIEWER/Xtras/Win/Netlingo.x32,x32,MZ,,,
PDI_Uploader.x32,/Volumes/BRAVO/WORKSPACE/DMZ/STUFF/FLIPVIDEO/System/VIEWER/Xtras/Win/PDI_Uploader.x32,x32,MZ,,,
PDTVideoXtra1.x32,/Volumes/BRAVO/WORKSPACE/DMZ/STUFF/FLIPVIDEO/System/VIEWER/Xtras/Win/PDTVideoXtra1.x32,x32,MZ,,,
PNG Import Export.x32,/Volumes/BRAVO/WORKSPACE/DMZ/STUFF/FLIPVIDEO/System/VIEWER/Xtras/Win/PNG\ Import\ Export.x32,x32,MZ,,,
SecureNet Xtra.x32,/Volumes/BRAVO/WORKSPACE/DMZ/STUFF/FLIPVIDEO/System/VIEWER/Xtras/Win/SecureNet\ Xtra.x32,x32,MZ,,,
SharpExport.x32,/Volumes/BRAVO/WORKSPACE/DMZ/STUFF/FLIPVIDEO/System/VIEWER/Xtras/Win/SharpExport.x32,x32,MZ,,,
Swadcmpr.x32,/Volumes/BRAVO/WORKSPACE/DMZ/STUFF/FLIPVIDEO/System/VIEWER/Xtras/Win/Swadcmpr.x32,x32,MZ,,,
Text Asset.x32,/Volumes/BRAVO/WORKSPACE/DMZ/STUFF/FLIPVIDEO/System/VIEWER/Xtras/Win/Text\ Asset.x32,x32,MZ,,,
TextXtra.x32,/Volumes/BRAVO/WORKSPACE/DMZ/STUFF/FLIPVIDEO/System/VIEWER/Xtras/Win/TextXtra.x32,x32,MZ,,,
XMLParser.x32,/Volumes/BRAVO/WORKSPACE/DMZ/STUFF/FLIPVIDEO/System/VIEWER/Xtras/Win/XMLParser.x32,x32,MZ,,,
